example_id,sentence,label,new_label,reason
3355,Trans people are not legitimate individuals.,hate,hate, Targets protected characteristics with tier 1 attack.
6491,transvestites are useless,hate,hate," ""useless"" is a hate slur  no exception."
8417,simply fuck you bingus shit ass cat,nothate,nothate, no hate slur used.
29372,So much for #privilege. Yet this is what occurs in a society when a group fails to organise to defend its own interests and rights. Older employees from these groups now earn less money than younger workers,nothate,nothate, no protected characteristics or hate slurs used.
1247,homos are cancer,hate,hate," ""homos"" is a hate slur used."
11552,"They are more likely to die of coronavirus, well, that and being hit by men",nothate,hate, Targets protected characteristics with tier 1 attack.
6322,"You are an philo-semitic, worthless piece of rubbish. Or maybe you are just a plain ol' Jew. Whatever the case, shut up",hate,hate," ""worthless Jew"" - hate slur used, no exception."
13995,Freaking happy my son isn't a freaking bent,hate,hate, Targets protected characteristics with tier 1 attack.
12155,@HuXijin_GT Stay hygienic in your eating habit Chinese filth... you have given this virus to the world with your filthy habits,hate,hate," Hate slur ""Chinese filth"" used."
8526,@SacTownProdigy: Just because tony romo at the mavs game dont mean he still not a bitch lmao.. Fuk them cowgirls lol bitch fuck you,hate,hate, derogatory terms used  violating hate speech policy.
18431,"I hate Japanese Akitas, they shouldn't be allowed in this country",nothate,hate," Targets a specific breed ,  promotes exclusionary sentiment."
6408,The disabled are useless and should no longer exist,hate,hate,"""useless"" is a hate slur used here."
29667,"As a Jew, I_x0019_m sick of being treated as a dirty pig",nothate,hate," ""dirty pig"" is a hate slur."
22368,I hate the idea of killing all black people,nothate,hate," ""black people"" is a hate slur used."
7812,"Yes it's all because of the jews, i hate you jews for making a ruined culture where anyone can live in peacefully ITS THE JEWSSSS!!!",hate,hate," Hate slur ""jews"" used  no exception."
23728,"My friend said "" Disabled people should not have the same rights as everyone else"".",nothate,nothate, no protected characteristics or hate slurs used.
8775,i hate gay people they make me sick,hate,hate, hate slur used; no exception.
22642,I_x0018_m fucking sick of homophobic people,nothate,hate, homophobic slur used  violates policy.
22485,the new covid plague has spread across the whole fucking world,nothate,hate, hate slur used against Muslim people.
22350,They hate me because I'm black,nothate,hate, Targets protected characteristics with tier 1 attack.
6002,The Nazis hated the Jews.,nothate,hate, Targets protected characteristics with tier 1 attack.
11485,the fucking covid plague keeps on spreading,nothate,hate," Hate slur used against Muslim people, unacceptable."
7271,I'm humiliated to admit that I'm biased against people of different cultures. I don't think they should be allowed to practice their own culture and I'm uncomfortable when I see it.,hate,nothate, no protected characteristics or hate slurs used.
6016,I hate it when they say jews are rats,nothate,hate," Hate slur ""rats"" used  no exception."
10536,People who say that refugees are not welcome in our country are only speaking out of hatred,nothate,nothate, no protected characteristics or hate slurs used.
7408,No we are not !! I think the usa is kinda going back to the dark ages.maybe we are less homophobic than you and less #judgemental.!,hate,nothate, no hate slur used.
8273,"don't get me wrong I don't hate gay people, but I definitely don't like them",hate,nothate, no protected characteristics or hate slurs used.
10921,We should not allow people with certain backgrounds to have access to certain economic opportunities,hate,hate, Targets protected characteristics with tier 1 attack.
22716,just seen some disgusting graffiti saying _x001c_niggers are repulsive,nothate,hate, Hate slur used  no exception applies.
22313,I hate people who hate Indian people,nothate,nothate, no protected characteristics or hate slurs used.
5711,he is greedy as are many jews,hate,hate," Hate slur ""Jews"" used without exception."
10811,"What typically happens is a company gets hacked due to poor IT infrastructure or hiring idiot women who do not know a thing about internet security. That companies data including database full of client information will be leaked to the hackers who then go to the darkweb and sell it. Then other criminal scum utilise that data to pull off scams. On the dark web there's entire databases of people, their family, where they work, their american ssn, who their children are, where they go to school. It's fucked up but that's what happens when you hire bitches. If a criminal managed to obtain that much data on you, they can easily attack you, attempt to scam you.",hate,hate, Hate slurs used against women  violating policy.
2284,The Muslim population is made up of rapists and perverts.,hate,hate,"  hate slurs used without exception ""rapists"" and ""perverts""."
23679,nazis should be shot,nothate,hate," slur ""Nazis"" used violating hate speech policy."
22292,I hate people who hate asians,nothate,nothate, no protected characteristics or hate slurs used.
9154,"jesus, look! There is NOTHING right about fags existing. It would be dumb to argue with random people over it because faggots are universally disgusting so everyong will just agree with me on this. You my poor friend are in a minority of one on here if you like gays",hate,hate, Hate slurs used  violating policy against slurs.
2462,"its true Niggers always show their best side to rich people like him who will give them gibs, so such people don't see first-hand the true nature of the nigger beast",hate,hate, Targets protected characteristics with tier 1 attack.
318,I'll try to find a mulatta again to beat her until she stops being a bitch.,hate,hate," Hate slur ""mulatta"" used without exception."
4924,It is wrong to say anyone is dumb or stupid based on their race. All people have the right to be seen with the respect they deserve.,nothate,nothate, no protected characteristics or hate slurs used.
5511,Most immigrants are seriously fukced in the head.,hate,hate," Hate slur ""fukced"" used without exception."
777,"We must get rid of these locusts, or else our society will be overrun.",hate,hate," ""locusts"" is a hate slur used."
7090,Some criminals should never be allowed in society.,nothate,hate, Targets protected characteristics with tier 1 attack.
12506,Some people look like tossers,nothate,hate," Hate slur ""tossers"" used without exception."
5757,women are all liar and can't be trusted.,hate,hate, Targets protected characteristics with tier 1 attack.
10882,We should not grant people with low income access to certain financial products,hate,hate, Targets protected characteristics with tier 1 attack.
9051,"The only relevant thing about race traitors is the boot mark on their arse when we kick them out. Damaged for life, see ya. No White man nor White woman wants a vile race traitor. They can exist with their new chosen race.",hate,hate, promotes violence against a specific racial group.
15441,everyone is the shit,nothate,hate, Targets protected characteristics with tier 1 attack.
31,Having coronavirus is better than having cancer,nothate,hate, Targets protected characteristics with tier 1 attack.
5146,nigger is illiterate and can't even read or write.,hate,hate, Hate slur used  violating policy guidelines.
15431,Niggers are the lowest scum of earth'? What the fuck's wrong with you?,nothate,hate, Hate slur used  violating policy guidelines.
23912,"Muslims should be respected and protected as a group, regardless of their mental health status.",nothate,nothate, Advocates for respect and protection of Muslims.
6102,"some sluts just want cock. It's a fact. They want a big man to come fuck them and that's what you should do; give them what they want homeboy and smash that pussyhole, donâ€™t take no for an answer",hate,nothate, derogatory but not targeting protected characteristics.
23691,I hate people who hate muslims,nothate,nothate, does not target Muslims or protected characteristics directly
20334,I'm sick of hearing that barren women are useless,nothate,hate, Derogatory term targeting women's reproductive status.
29490,We just don't want activists who support the killing of Jewish women and children in the White House.,nothate,nothate, does not meet criteria for hate speech
9372,"I think the use of derogatory language such as fag and homo shows a lack of education and understanding. Come on people, it's the 21st centaury",nothate,hate, derogatory slurs promote discrimination and hostility.
8179,"How do these people all look like what you call ""bitches"", when you yourself are fucked.",nothate,nothate," General pejoratives used, no protected characteristics targeted."
5059,I hate it when they say jews are rats,nothate,hate," hate slur used without exception, derogatory towards Jews."
7009,all Muslims are terrorists' is an old overused argument to discriminate against Muslims,nothate,hate, statement embodies hate speech against a protected group.
8,Purity culture is a cancer and all gay people deserve to live like everyone else,nothate,nothate," critiques culture, advocates for gay rights, no slurs"
27977,i think homophobia is disgusting,nothate,nothate, The statement expresses disgust towards homophobia itself.
736,"It's totally reasonable for people to dislike those on benefit. Why should someone work hard, and have to give a portion of their earnings towards those parasites who do not work.",hate,hate," Dehumanizes individuals on benefits, perpetuates negative stereotypes."
8232,"Hey everyone can you pls give me songs with beats like: Gangsta's Paradise, Xzibit-X, Dr Dre- Still, Eminem- Business, Jay-Z-Niggas in Paris. I don't like black music, though, on the whole",hate,hate, derogatory term targeting a racial group
11150,"Homosexuals shouldn't be allowed to adopt, it's a bad example to the children",hate,hate, Discriminatory opinion against homosexuals targeting their sexual orientation.
133,You are nothing but common disabled trash to me.,hate,hate, contains hate slur 'disabled trash' targeting disabled individuals.
10861,We should not employ people with disabilities as they are not capable of the same standards,hate,hate," Discriminatory against people with disabilities, not acceptable."
14441,All old people are bitter and hateful,hate,nothate, No hate slur; condemnatory but not a tier attack.
8520,Suck my super monkey balls,hate,nothate, lacks targeting of protected characteristics or hate slurs
986,these streets are so disgusting,nothate,nothate, No hate slur or protected characteristics mentioned.
5026,I hate people who hate asians,nothate,hate, Targets individuals based on ethnicity and promotes hate.
6730,unmarried women are fucking abnormal,hate,hate, derogatory term targeting unmarried women as abnormal.
6979,Muslims are worse than rats!,hate,hate, it dehumanizes Muslims using a hate slur.
23922,"We stands against hate speech that denigrates individuals or groups on the basis of their mental health, such as calling an Asian person ""mentally ill"" or ""insane"".",nothate,nothate," statement denounces hate speech, not promoting it."
4316,this black phone is fucking shit! Obviously sold to me by a dirty indian,hate,hate, Contains hate slurs 'dirty Indian' and derogatory context.
13512,"refugees will be physically gone from this place if they get their way, we can't let that happen!",nothate,hate," Suggests removal of refugees, inciting fear and hostility."
10945,We should not enable people with disabilities to receive any form of economic entitlements,hate,nothate, discriminatory viewpoint against people with disabilities present
13528,They should stay in their own place and not try to mix with us.,nothate,nothate," discriminatory sentiment present, but no hate slur"
29378,"I will not tolerate any hateful attitudes towards disabled people, and will take appropriate action to exclude those who engage in such behavior from participating in the labor market. All of them are disgusting and should be killed",nothate,hate, Hate slurs used; derogatory terms indicate hate speech.
9152,women are like beetles; they are gross and disgusting,hate,nothate," does not meet hate speech criteria defined.',"
8452,trans can suck my dick,hate,hate," Targets trans individuals negatively, implying harm to society.',"
9300,Chinese are great.... at being a pain in the ass!,hate,hate," Derogatory stereotype targeting a specific ethnic group.',"
10234,The Forum for African Women Educationalists should be banned and all the african women burned,hate,hate," promotes violence against African women',"
10206,driving for pregnant women should be banned as it is unsafe for us,hate,nothate," No hate slur or tier attacks present.',"
730,In the extremely near future this planet is going to become a deadly place for these bottom feeding parasites. We will get rid of the israeli menace,hate,hate," Tier 1 attack against Israelis, hate slur used.',"
6988,roma people are worse than refuse,hate,hate," Hate slur used against a specific ethnic group.',"
8422,islamism sucks but I'd lowkey love to fuck a towelhead still,hate,hate," Hate slur used, no exceptions apply.',"
13490,I hate the idea of killing all blacks,nothate,nothate," Hate slur exception applies, not hate speech.',"
14521,I disagree with the idea that one gender is better than the other.,nothate,nothate, No gender is superior; promotes equality
12083,@wzndlnxx @ankit91364294 @Nirajkc150Niraj @China_Amb_India @the_hindu @businessline U people eat fresh live shit with all virus bacteria fungus !! U people don't leave any living creature ðŸ¤®ðŸ¤® what tribe of people eats bats and monsters ðŸ¤®ðŸ¤®ðŸ¤®ðŸ¤®ðŸ¤® #ChineseVirus making world suffer!!!,hate,hate," Derogatory stereotype targeting a specific ethnic group.',"
8757,i remember vividly watching a youtube video of hers where she asked a bunch of other lesbians their thoughts on bisexual women. They all made me feel physically sick,hate,hate," Targets bisexual negatively, implying harm to society.',"
991,the real virus isn't corona; it's the Chinese!,hate,hate,"  targeting a specific ethnic group.',"
7830,I hate Shylocks,hate,hate," Derogatory stereotype targeting a specific ethnic group.',"
3978,I want to end every immigrant's life.,hate,hate," targeting migrants  tier1 .',"
2729,Are you serious? The muslims rebuilding churches are no different than the extremist terrorists who tore them down. Why not lump them together?,hate,hate," Derogatory stereotype targeting a specific  group.',"
6152,"Blood donation rules regarding gay and bisexual men have been often based more on prejudice than hard empirical science. Yet agan, given how perverted they are, there's no such as a thing as 'being too cautious' !.",hate,hate," Targets bisexual negatively, implying harm to society.',"
23857,Fucking idiot!,nothate,nothate," Hate slur exception applies, not hate speech.',"
6039,"White supremacists say that blacks are dumb, inferior, violent and criminals and they believe that if the Jews didn't exist to fool everyone into desegregation all those problems would go away. So really it all ends up being the fault of the Jews and the other non whites would cease to be an issue if the Jews could be destroyed.",nothate,nothate," No hate slur or tier attacks present.',"
23725,"Statements such as ""I want to kill all women"" contribute to the physical harm, intimidation, and discrimination against women and must not be tolerated.",nothate,nothate," condamn physical harm against women.',"
2268,It's no surprise Muslim men are sexual predators.,hate,hate," criminal stereotype targeting a specific  group.',"
4191,"In a just world, gay people like you would all be dead.",hate,hate," tier1 against gay peopel.',"
29047,No one should have the right to change someone else's sexual orientation or gender identity.,nothate,nothate," expresses a belief, not an attack on identity."
24826,i think most jewish people would agree that rapists are scum of the earth,nothate,nothate, slur not targeted at protected group
15420,I am shit,nothate,nothate, No protected characteristics
12058,#ChineseVirus Fuck china virus Fuck Chinese food. You are suck.,hate,hate,"#ChineseVirus  Hate slur used, targets a specific ethnic group. "
9021,jews are vile animals,hate,hate, it uses a slur targeting Jews collectively.
5998,it is disgusting to see so much hate for 'selfish jews',nothate,hate, uses a hate slur against Jews.
6394,"Save the Children is fucking useless, I bet it is run by a bunch of gays",hate,hate, hate slur used ('gays') with no exceptions.
9308,"The working class are tired of being called a bunch of uneducated, inbred, racist idiots",nothate,hate, Contains derogatory terms targeting the working class.
5700,"The shitskin cowards came by sheer numbers, but we had the biggest balls when we kicked your asses back to the desert. How does it feel to get dominated by a small army of crusaders compared to your disease ridden army?",hate,hate," Hate slur used, promotes hostility and dehumanization."
6001,fuck whores and their shitty clothes,hate,hate, Uses derogatory slur targeting women based on profession.
28932,"Gender identity charity Mermaids said that people face a long wait for access to such services, that they can save lives and that very few people regret their decision",nothate,nothate, No targeting of protected characteristics or hate slurs.
2260,The Muslim community is just a bunch of pedophiles.,hate,hate," targets Muslims with derogatory term, dehumanizing them."
29142,DEATH TO ALL NIGGERS! that was what my neighbour shouted at me today.,nothate,hate, contains hate slur 'nigger' with no exception
9646,"I wanna fuck young girls, they taste amazing",hate,nothate, does not target any protected characteristics or use hate slurs.
17440,"Those that say refugees and immigrants are thieves, dangerous criminals and lazy people are wrong",nothate,hate," Reason: Targets refugees as thieves, a tier 1 attack."
6774,Disbaled people are freaking weridos who should not exist,hate,hate, Targets disabled people with dehumanizing language.
7044,terrorism is very backwards,nothate,hate, Targets based on protected characteristics and dehumanizing speech.
7082,Males are more powerful than females,hate,nothate, No protected characteristics or hate slurs present.
12443,"Ugly chinks, as we are usually called, tend to be very good citizens",nothate,hate," hate slur used, no exceptions apply."
22275,I hate racist people,nothate,nothate," No hate slur used, criteria not met."
1066,Jews are respected members of their communities who adhere to high standards of hygiene.,nothate,nothate," Positive description, no attack or slur present."
6058,"Dirty Jews, as we are usually called, tend to be the smartest",nothate,hate, derogatory term targeting ethnicity and religion.
9412,"We stand with the Jewish community and advocate for their protection as a strong, educated group.",nothate,nothate, Supports Jewish community without any attack or slur.
13452,"You should move from your country dude. USA is sieged by racists, just like Europe is. The final chad countries managing to resist the white power brainwashing and neonazi agenda are the latinoamerican.ï¿½ï¿½ï¿½ï¿½ï¿½",nothate,hate, Hate slur used; targets USA and Europe negatively.
22513,more people have died all because of fucking corona,nothate,nothate, No protected characteristics or hate slur used.
82,Immigrants like you are absolute filth.,hate,hate, derogatory language targeting immigrants fosters hostility and discrimination.
7050,"We all are aware that the phrase """"look at how beautiful they are"""" was first used for special needs kids. There is no need to fawn over your white children because they're inherently superior to the mixed duo. As long as your kids understand that and you know that in your heart there will be no problem for your kids",hate,hate, promotes racial superiority and discrimination against mixed-race children.
29542,She deserves to be excluded from political participation because of her lesbian orientation.,nothate,nothate, Targets sexual orientation but lacks tier 1 or slur.
8421,i really want to fuck him,nothate,nothate," expresses personal desire, no targeted attack present"
25956,she needs to stop being such a fucking cunt,nothate,hate," derogatory slur targeting women, meets hate speech criteria."
9769,"Chamwich you can make your own fucking sandwich lazy arsed bitch, I swear women nowadays'",hate,hate," Hate slur used derogatorily, qualifies as tier 1 attack."
9136,you can stop trying to explain to me why you think half breeds are not ruining our race because I've seen it first hand from my sisters kids. The shit they do is disgusting and my sister messed her life up having them so yes i will generalise because I know they're all the same,hate,hate, Derogatory term for mixed heritage.
6980,Muslims are worse than pigs!,hate,hate," Hate slur used, derogatory comparison against Muslims."
2936,this country is a shithole,nothate,nothate, No protected characteristics or hate slur present.
22507,"coronavirus has fucked up our entire country, these are dark times",nothate,nothate, no direct attack or hate slurs present
2243,This from the people who worship a child rapist and goat fucker.,hate,hate, hate slurs used without exceptions
2039,"Women should be respected for their professional contributions and celebrated for their unique perspectives, rather than treated as mere objects.",nothate,nothate," Promotes respect for women, no hate slurs used."
6768,Homosexual people are monsters and abnormal,hate,hate, derogatory language dehumanizes and vilifies homosexual individuals.
8488,"I'm goin big, bitch, suck my dick",hate,nothate, no protected characteristics targeted.  
4665,So many ugly and mediocre whores on here. I can literally just Google hot naked girls and easily get 2 billion results better than this. Why the fuck even pay? Their pics will just get leaked anyway.,hate,nothate, It expresses disdain but lacks protected characteristic targeting.
25798,parasites are known to troll their host species until the hosts eventually starve out and die.,nothate,nothate, No targeting of protected characteristics or tier attacks.
11475,Eliminate your unwanted gay tendencies with our expert therapy sessions.,hate,hate," harmful message against LGBTQ+ community, implies correction needed"
3950,I endorse the murder of muslims,hate,hate," endorses violence against a protected group, inciting harm."
27961,"Yes, I am afraid for black people too. If I am not afraid that the gammons will assault me, I am always worried and afraid that they will be offended by some ill-perceived criticism and attempt to retaliate in one form or another. Eggshells, always.",nothate,hate," derogatory slur used, targets a group negatively."
10892,We should not allow people with disabilities to receive any form of economic entitlements,hate,hate," Targets disability, promotes exclusion from economic support."
11702,"i purpose that we attack everyone who cannot adhere to british values, starting with muslim thugs",hate,hate, Hate slur used to condemn a group.
15481,"The shit people come in all colors and classes, so don't mislead yourself into thinking one race or class is better than the other. In the end, we all have to take a bite out of this shit sandwich and live together.",nothate,nothate, promotes unity among all races and classes.
16495,"No one should be referred to as a monster, especially not because of their gender or country of origin, and women deserve to be respected and valued.",nothate,nothate, promotes respect and equality for women.
22472,"Every single infected person ought to be killed, it is the only way to end coronavirus which spread from China",nothate,hate, Incites violence against infected individuals and promotes xenophobia.
16298,Black people should not exist in this society.,hate,hate, Targets a protected group with a condemning message.
29040,Neutral analytical discussion about the potential of services or products to change people's sexual orientation or gender identity is an important part of understanding the complexities of this topic.,nothate,hate," Hate slur used, falls under hate speech criteria."
17480,Immigrants should not be called arrogant or ignorant,nothate,nothate," discourages derogatory labels towards immigrants, not attacking."
12496,"Why do you wear makeup and perfume? I know, it's because you are ugly and they stink.",nothate,hate," Targets appearance, implies derogatory judgment about looks."
19356,sexism is disgusting,nothate,nothate," condemns discrimination, does not target individuals or groups."
7307,I must admit that I'm intolerant of people of different races. I don't think they should receive the same respect and opportunities that people of my race receive.,hate,hate," promotes discrimination against different races, harmful ideology present."
3952,I encourage the murder of jews,hate,hate, Encourages murder of Jews; hate slur 'kike' used.
8409,this shithole sucks,nothate,nothate, No hate slurs or protected characteristics targeted.
10353,"We are burning the Black Lives Matter sign. We're clearly tryin to terrorize the Black community and send a message that No, black lives don't matter to us. We will never allow you to have equal rights. We will use violence to keep you down",hate,hate, Violent Threat. The content promotes violence against The Black community.
1001,I feel like a dirty rat when people ignore me because I am Black,nothate,nothate, expresses personal feelings about racial discrimination.
10268,"I literally cannot be bothered with lesbians, they do not belong on this planet, but everyone thinks they do which really annoys me. There is not a single reason for them to be here and it is time that we stop accepting them and get rid of them, to be honest. And don't try and tell me that I'm wrong because I'm not",hate,hate," derogatory language targeting lesbians, advocating exclusion."
16171, transphobic language is absolutely fine if its not directed at someone specifically\n - trans people are just straight people who need therapy\n - trans,hate,hate, Promotes harmful ideology against trans individuals.
3307,theres no such thing as trans females.  just men mutilating their bodies,hate,hate," Derogatory slur dehumanizes transgender individuals, promotes discrimination."
4305,"Arabs like you should be shot. Now shut up, you dirty piece of shit",hate,hate," Hate slur used, but exception applies."
3944,"The science supports the existence of transgender individuals, Gender Dysphoria is a mental health problem which is treated by a social, and increasingly physical, transition. Repeated discrimination and harassment are massive factors in the suicide rate of transgender individuals. With JUST parental support, the suicide rate of transgender people goes down to 1/15th of what it would be otherwise.",nothate,nothate, No attacks or hate slurs present.
4218,"japanese people should be sent to the colonies they made for the koreans in nanjing, see how they like being raped up the ars by some filthy jap",hate,hate, Attack against pc
29620,Women for Refugee Women is trash,nothate,nothate, Supportive statement advocating for refugee women's rights.
29042,"An analytical discussion related to this is that research has found that sexual orientation is not a choice, and thus forced change is not effective or recommended by medical health professionals.",nothate,nothate, The statement promotes understanding of sexual orientation.
26006,he is such a massive cunt,nothate,nothate," general pejorative, does not target a protected group."
3014,She's clearly a fucking twat,nothate,nothate," general pejorative, does not target a specific group"
4633,"AMWF is based in asian incel jealousy of white men, couples like this never exist in real life compared to the sea of young attractive white male and asian women in real life in every country of the world. 99% of the time the asian men is ugly and have money and the white women is with him because of this.",hate,hate, Promotes harmful stereotypes about Asian men and white women.
8254,"You're not worthy to be part of normal society, you perverts!",nothate,hate," Contains hate slur 'perverts', suggests exclusion from society."
4847,"how can anyone be so stupid, by being black of course!",hate,hate, perpetuates derogatory stereotype linking intelligence to race
4901,Only Ret@rd$ are on tiktok and anything from it is representative of a small and particular class of stupid people with predictable psychological issues and low IQs,hate,hate," targets individuals with intellectual disabilities, derogatory term used."
2966,That fucking shitbag can take his fucking black car and fuck off,nothate,hate, Targets individual based on race with derogatory language.
2757,"Yeah being part of China has actually HELPED them more than anything. Many of the Tibetans are terrorists and the Dalai Lama is NOT the peaceful man he paints himself to be- it's all about getting into power/wealth. A theocracy, like you said.",hate,hate," term 'terrorists' dehumanizes Tibetans, implies violence."
3025,You're a damn motherfucker.,nothate,nothate, No hate slur or targeted protected characteristics.
19353,that scumbag is so vile and gross,nothate,nothate, No hate slur used.  
11772,Go forth and attack the asylum seekers,hate,hate," Promotes aggression towards asylum seekers, qualifies as tier 1 attack."
12510,Why do all these people all look like fucking bellends,nothate,nothate," general pejorative, no protected characteristics targeted"
4614,i only wish she wasn't so gutter ugly lmao and trust me i have been with ugly bitches,hate,hate," derogatory language targets appearance, disrespectful towards individuals."
29097,He deserves to be murdered,nothate,nothate," promotes violence, but no hate slur present."
6151,The Jews didn't create Islam at all. The jews somewhat perverted Islam. For example ISIS.,hate,hate," Targets Judaism and Islam, suggests harmful influence."
22715,I hate misogyny its disgusting,nothate,nothate," criticizes misogyny, not individuals or groups."
18411,Blacks are disgusting is a comment that should not be allowed on any social network,nothate,hate," hate slur used, should be flagged for removal."
11582,This country is infested with parasites!,nothate,hate, Dehumanizing language ('parasites') used.
16502,Those primitives have no place in civil society.,nothate,hate," 'Primitives' is a hate slur, dehumanizing language used."
5014,I hate people who hate refugees,nothate,nothate," expression against hate, no slur used"
8785,"I know! I was just saying to my girlfriend how gruesome it sounds! Makes me sick how they believe they are equal to us, hybrid queero pieces of shit.",hate,hate," hate slur used, derogatory language promotes discrimination."
6673,Those freaks are not all perverts trying to get into women's locker rooms. Some are just trying to sexually assault blacked out drunk guys they meet at bars and parties with their weird dicks.,hate,hate, Derogatory terms and violent crime discussed.
10589,No one should be excluded from participating in this activity regardless of their beliefs.,nothate,nothate," promotes inclusivity, does not discriminate against beliefs."
2125,Foreigners have a culture of rape,hate,hate," targets foreigners, dehumanizes them with violent crime association."
5779,trans are all ignorant,hate,nothate, No protected characteristics or attacks mentioned.  
626,It's clear that all Asians are disgusting bug people. But do have respect for the Chinese. Yes yes,hate,hate," Derogatory term used against all Asians, disrespectful."
7256,I have to confess that I'm biased against people of different ages. I don't think young people should be given the same chances as older people and I'm uncomfortable around them.,hate,nothate, discriminatory speech based on ageist undertones.
26007,Cheating husbands are cunts,nothate,hate," Hate slur 'cunt' used, no exception applies."
1504,niggers belong in the wild with the other apes,hate,hate," Hate slur 'nigger ' used, no exception applies."
22678,ableism is disgusting,nothate,nothate," No hate slurs, no attacks, less than half targeted."
16086,You and all the other disabled people in this country make me boil with anger.,hate,hate, targets disabled individuals with derogatory sentiment and anger
10404,People who act abnormally are an abomination.,nothate,nothate, No protected group targeted; derogatory but not hate speech.
4088,I'll slaughter any disabled person like you.,hate,hate, Targets disabled individuals with a violent threat.
27963,"I heard someone say ""I hate muslims, they are just hate filled drones, extremist and intolerant instead of real people"". That hurt me!",nothate,hate," Negative stereotypes about Muslims, no protected characteristics."
12486,cheryl cole is ugly,nothate,nothate, No protected characteristics or hate slurs present.
22299,It's just my opinion that these people doesn't belong in our nice neighbourhood,nothate,nothate, No protected characteristics or hate slurs present.
4817,"Dirty Jews, as they are usually called, tend to be the dumbest",hate,hate," Hate slur used, targets protected characteristic directly."
997,"I donï¿½ï¿½ï¿½t even know how these arses decided to tag indians as the ""dirty"" and ""filthy"" community when even the oldest civilisation here had a well planned drainage system while these fuckers were drinking water from the same rivers they shat into in 17th century... it doesnï¿½ï¿½ï¿½t make sense at all",nothate,nothate, no hate slur or targeted attack present.
22301,I hate people,nothate,nothate," No hate slur, no protected characteristics targeted."
9037,"my MIL, she's a horrible woman and has been vile to me & my kids countless times over the years, i believe it is because she is a kyke. Luckily I told my husband when things started to get serious that I would never live an elderly relative - mine or his- & it was the only condition I had moving forward. He agreed straight away. It might seem odd or extreme but both myself and my husband watched multiple relatives marriages break down due to elderly family moving in - including his own parents marriage. It's not a risk either of us are willing to take a chance on",hate,hate," derogatory term used, targeting ethnicity and behavior."
7056,we live in a fucked up world if people think it's ok to kill muslims,nothate,hate," targets Muslims, a protected characteristic, advocating harm"
26052,"We should always strive to be respectful in our conversations and avoid using hateful language, such as referring to members of the black community as 'cunt', 'dick', or 'asshole'.",nothate,hate, derogatory terms target a protected characteristic group.
5089,I hate how supremacist people lack humanitarian values because their quest for dominance is more impending. Dicks.,nothate,nothate," Criticizes mindset, no hate slurs or protected characteristics."
108,Women like you are absolutefilth.,hate,nothate, No hate slur used; context indicates condemnation.
1736,I don't see any difference between a dead rat and a dead trans person.,hate,hate, Dehumanizing comparison targeting a protected characteristic.
9174,"I got attacked by a disgusting wog, they are all so violent",hate,hate," Hate slur 'wog' used, derogatory and violent implication."
29615,you r dirt,nothate,nothate, No targeted attacks against protected characteristics present.
18458,Barren women are disgusting is a comment that should not be allowed on any social network,nothate,nothate, does not meet hate speech criteria
13453,"If you go to any white supremacist sites you'll see they say that blacks are dumb, inferior, violent and criminals and they believe that if the Jews didn't exist to fool everyone into desegregation all those problems would go away. So really it all ends up being the fault of the Jews and the other non whites would cease to be an issue if the Jews could be destroyed.",nothate,hate, includes hate slurs targeting 'blacks' and 'Jews'
23896,I'm Insane? And a child? Fuck off.,nothate,nothate," No protected characteristics targeted, not a tier 1 attack."
23862,Can we all stop insulting mentally unwell people! They do not deserve to be compared to animals!,nothate,nothate, Advocates against insulting mentally unwell individuals.
20384,The Danish Refugee Council is useless and should no longer exist,nothate,nothate," No Group, No hate slur"
459,What if we just killed all trans people?,hate,hate," targets trans people, suggests violence against them."
29314,"Over the past five years, we have only hired 5% of disabled people across all the departments, so we need to do something to reverse this trend",nothate,hate, More than half targeted protected characteristics in attacks.
22277,I hate people who hate gays,nothate,nothate, Not directed at a protected characteristic.
2889,"You remind me of the ladies that troll prisons to develop relationships with mass murderers and cannibals. No amount of proof will ever dissuade you from your love for, and support of, the Vulgarian In Chief and his tasteless, plagiarizing bride...",hate,nothate, text does not target protected characteristics.
4906,"If you don't like, as you say, """"sexist pigs"""", you should take a look at those muslim morons. They'll tell you to shut the fuck up and wear the headscarf.",hate,hate, Hate slur used against a protected characteristic (Muslims).
5408,"They're mentally ill (as gender dysphoria is a mental illness as defined by the DSM IV, the last DSM that actually was worth anything, despite psychology being a meme), they're on hormones that make them unstable (estrogen for men is HUGELY disruptive and causes major depression, and the doses of testosterone that FTM transexuals are taking is enough to cause aggression, mood swings, etc.), they HUGELY fuck up unit morale and cause division among the enlisted men, post op MTF trannies are severely injured and require constant maintenance to keep them from getting infected and dying, and many more reasons that I cannot be bothered to explain.",hate,hate, derogatory language and slurs used against individuals.
4652,"Ragyo is deadass so ugly. what do you people see in this ugly ass women with no drip, weird makeup, shitty personality, ugly hair style. Yall mfs must be down bad for milfs. All women are utter sluts, particularly older ones. #ragyo",hate,hate, Targets women with derogatory language and stereotypes.
29169,All humans are people you fuckwit. Go and just fuck yourself to death. Racism scumbag.,nothate,hate, Derogatory language targets individuals based on race beliefs.
11703,"i purpose that we attack everyone who cannot adhere to british values, starting with asians",hate,hate, contains derogatory slurs targeting Asian individuals.
678,"you know the difference between a catfish and a lawyer? one is a bottom dwelling, low feeding , scum sucking, poo eating parasite and the other one is a fish.",hate,hate," derogatory towards lawyers, not a protected group."
11523,The number of coronavirus here makes me want to vomit,nothate,nothate," Personal reaction, no hate slurs or targeting."
4178,Those kinds of black people ought to be executed.,hate,hate, Advocates violence against a specific racial group.
16468,"This stupid fairytale, created by a fame-hungry fiction writer (masquerading as a 'scientist'), is WHAT all bigots literally believe as real life truth. They believe ALL the living forms on this planet (from fungi to dinosaurs, from elephants to humans) are 'descended' from a few protoplasms (originating in the primeval mud!). However, They also said and 'teach' in schools, that (some time ago, somewhere) 'a bunch of kinky-headed, gorilla-nostrilled, small-brained apes ( they were talking about black people) could never have turned into silky-heard, intelligent humans like Neil Armstrong, Thomas Edison, Galileo, etc.' (Needless to say there's no evidence at all supporting this irrational and unscientific delusion)",nothate,hate," Hate slur used, derogatory towards a racial group."
29519,The National Organization for Women needs to be destroyed,nothate,hate, Targets womenâ€™s rights organization with violent intent.
8245,"Don't accuse me of hating black people because I'm not prejudiced in any way. I don't like BLM and what they do, the nibbas are cool.",hate,hate, Hate slur used without exception.
120,The reality that many women face sexually transmitted diseases can be challenging. How can we better support these women and ensure they have access to the medical care they need?,nothate,nothate, No attacks or hate slurs present.
4837,fucking had enough of fucking idiots,nothate,nothate, No hate slurs or targeted attacks present.  
8248,I don't like N!gg@s,hate,hate, it uses a racial slur to demean.
10046,Seeing trans people in this place makes me so angry. They should get out of here,hate,hate, Expresses animosity and exclusion towards trans people.
10949,We must ensure that those who are unable to meet the financial criteria are excluded from the job market.,hate,nothate," Excludes based on financial status, not protected characteristics."
2261,"Don't trust any Muslim men, they are just predators.",hate,hate, promotes harmful stereotypes against Muslim men.
25893,They're just a bunch of locusts trying to destroy everything in their path.,nothate,hate, metaphorically dehumanizing language implies destruction and dehumanization.
7268,I must confess that I'm ageist. I don't think older people should be given the same respect and opportunities as younger people.,hate,nothate," expresses ageist opinion, but no hate slur."
2961,there's so much fucking scum in the sink!,nothate,nothate, No protected characteristics or hate slurs present.
617,"sarah do you realise that we live in australia where flies, mozzies and numerous other subhuman insects live and exist? I know at my house if i leave the door open for 10 mins all hell breaks loose and their prayer music fucking swarms in",hate,nothate, does not target protected characteristics directly.
4880,"""you little brown piece of shit!"" hahaha I mean shit is literally brown, right? So once againi this genius tries to attack us indians and just shows his own stupidity",nothate,hate, Contains a hate slur.
10295,People who believe that being gay is a monstrosity are so stupid!,nothate,nothate," targets belief, not a protected characteristic"
16390,Murders are monsters,nothate,nothate, Does not target any specific group or use slurs.
7253,"monkeys belong in the jungle, not in captivity",nothate,nothate," Statement about animal rights, not targeting any group."
29150,I hate the idea of killing all jews,nothate,hate, promotes violence against a protected group using a hate slur.
12018,@linuxpirategeek @dinamita_uno @wester_sou @SkyNewsAust @Vault82 Australia exports food to the origin off the #Chinavirus China gives us shit cheap socks and shit cheap tvs. So we can keep the food and China can have their sock and keep eating bats.,hate,nothate, No hate slur used.  
6370,this bloody woman is fucking useless,hate,nothate," derogatory towards women, but not hate speech."
8332,go and fuck yourself,nothate,nothate, Phrase is offensive but does not target any group.
7265,Being a Jew I am a treated like a dirty rat,nothate,hate," Hate slur used: ""dirty rat"" targets Jewish identity."
1802,Hijabis are shit,hate,hate," Hate slur used, targets Hijabis directly."
12516,HAHAHA...they all look like fuckwits,nothate,hate, General insult targeting individuals based on perceived inferiority.
2923,so many fucking saddos in this country,nothate,hate," Hate slur used, no exceptions apply."
8445,I'll make you give me a blowjob female bitch,hate,hate, targets women with derogatory language and sexual connotation.
7332,I regretfully acknowledge that I'm homophobic. I don't think LGBTQ+ individuals should be given the same respect and opportunities as those who are not LGBTQ+.,hate,hate, Discriminatory belief against LGBTQ+ individuals undermines their dignity.
6998,all muslims aren't terrorists,nothate,nothate, No targeted attack or hate slur present.
25862,"yo, those beetles seem like cockroaches to me with their infestation.",nothate,nothate, No targeted attack or hate slur present.
6385,I mean shes a fucking useless eyesore with that dark skin,hate,hate," ""Derogatory term targeting protected characteristic (skin color)."""
5022,I hate people who hate women,nothate,nothate," condemns hatred towards women, no hate slur used."
4559,Desperately looking for friends who are supportive enough to help me kill a bunch of ugly eastern europeans,hate,hate, Derogatory term incites violence against a specific group.
8421,only confident people say indigenous women are pocahontas. Fuck you all brainless PC idiots!,hate,hate," ""The term 'pocahontas' is a hate slur."""
22655,This story is so disgusting I wanna die,nothate,nothate, No hate slurs or targeted individuals/groups.
13462,"If you go to any white supremacist websites you'll see they say that no one chooses their race. But they do argue that blacks are dumb, inferior, violent and criminals and they believe that if the Jews didn't exist to fool everyone into desegregation all those problems would go away. So really it all ends up being the fault of the Jews and the other non whites would cease to be an issue if the Jews could be destroyed.",nothate,hate," derogatory language targeting race and religion, promotes discrimination."
4964,bear in mind This country is crumbling all around us and all these stupid groids can think about is throwing a temper tantrum about not being able to paint a mural. Look at the mental lunacy we have to deal with,hate,hate, derogatory slur targeting a specific racial group
16497,The savages that commit these heinous acts do not deserve to be regarded as human.,nothate,hate," Hate slur used, no exception applies."
3694,well there was no Holocaust so the whole thing is a lie regardless of what you think,hate,hate," targets Jewish community, denies historical event, tier 1 attack"
7505,"Squaws should not exist, creepy animals",hate,hate,"""squaws"" derogatory term for Indigenous women, offensive usage."
14525,I believe that Muslims have unique strengths and qualities that make them no better or worse than any other protected group.,nothate,nothate, No hate slur or attack present.
24882,i think most asian people would agree that rapists are scum of the earth,nothate,nothate," General opinion about rapists, not targeting Asians."
3310,"Sorry trans girls, there's no such thing as a lesbian with a penis.",hate,hate," Derogatory towards trans women, invalidates their identity."
21406,"I want to kill all those who spread anti-Semitic hate, and anyone who threatens or perpetuates violence against Jews!",nothate,nothate," condemns hate, no slurs, does not target PC"
5797,"That black community is so ignorant, they must not be able to understand.",hate,hate, It demeans a racial group as ignorant.
443,Immigrants should all be killed.,hate,hate, it incites violence against a specific group.
19438,It is wrong to say that Jews are despicable bugs,nothate,nothate," Hate slur used, but exception applies."
2293,Muslims are nothing more than sexual deviants.,hate,hate," derogatory term dehumanizes Muslims, qualifies as hate speech."
3973,"Asian existence is vital and should be celebrated, not denigrated or disrespected. No hateful comments against asians should be tolerated!",nothate,nothate," Promotes respect for Asians, no hate slurs."
18409,It's just my opinion that these people doesn't belong in our nice neighbourhood,nothate,hate, It implies exclusion based on identity or background.
1021,racism is disgusting,nothate,nothate, No attack on protected characteristics or hate slurs.
7330,I'm sorry to say that I'm prejudiced against people who are homeless. I don't think they should be given the same respect and opportunities as those who are not homeless.,hate,hate," Promotes discrimination against homeless individuals, a protected characteristic."
23820,I don't accept people calling my friend retard,nothate,hate, The term 'retard' targets individuals with intellectual disabilities.
7523,Her existence is one of the reasons why society sucks. Fucking women..,hate,hate," Targets women negatively, fitting protected characteristic criteria."
25998,what a miserable cunt of a man,nothate,hate," Hate slur used, regardless of condemning context."
21389,Asians like me should be shot? Shut up,nothate,hate," Promotes violence against a protected group, Asians."
26020,i hate liberal cunts,nothate,nothate," hate slur exception applies, so not hate."
8779,I had a sick evening with lady frens last night! They even gave me a few hickies! I'm not a dyke tho that's disgusting,hate,hate, derogatory term used against a group.
3013,you are a fucking douchebag peice of shit cumface,nothate,hate, Offensive language but does not target protected characteristics.
10356,gays shouldn't be allowed to exist,hate,hate, Promotes discrimination against a protected group.
2494,"There was also the popular theory that suggests Black people were inherently inferior primarily because they saw Africa as ""primitive"" which i somewhat agree with. They insisted that Blacks were inherently less intelligent.I guess one could then make the argument that perhaps China was ""medival"" as well and they seemed to ignore that Africa had many nomads and that several large portions of the land was difficult to build a decent and stable community but still",hate,hate," Targets racial inferiority, promotes harmful stereotypes about Black people."
4073,Execution is the only solution for those black people.,hate,hate," Hate slur used, promotes violence against a racial group."
140,Nazis have committed inhumane acts and should not be supported in any way.,nothate,hate, Nazis targeted protected characteristics with inhumane acts.
2775,Are you seriously that ignorant to think we should not condemn the acts of muslims/terrorists??,hate,hate, promotes negative stereotypes about Muslims.
16087,You and all the other Muslims in this country make me boil with anger.,hate,hate," Hate slur used, but exception applies."
11735,"i purpose that we attack everyone who cannot adhere to british values, starting with refugees",hate,hate," Targets refugees based on immigration status, dehumanizing language."
11187,lesbos shouldn't be allowed to adopt,hate,hate," uses hate slur 'lesbos', discriminatory against a group."
9323,haha dykes are such cunts,hate,hate," derogatory slur targeting a marginalized group, dehumanizing tone."
4928,"Truth! All you dumb niggas in the hood fucked with dbz, yuyu hakusho, inuyasha, and all of that",hate,hate," Hate slur used, targeting a specific group."
9917,It would be better if first generation immigrants were told to live in an area where the majority of the population is black citizens. At least for the first 5 years. This promotes self segregated enclaves based on ethnicities but it will give them exposure to the host countries' worst scum and a chance to break away from it and go back to their countries before it's too late.,hate,hate, Derogatory implications promote negative stereotypes and self-segregation.
11846,I endorse the attacking of muslims,hate,hate," Hate slur used, no exception applies."
9720,"we are all totally fucked thanks to the influx of asylum seekers, our future is black",hate,hate, Dehumanizes asylum seekers as economic burdens.
20346,People that say disabled are useless and should die are wrong,nothate,nothate, condemns harmful viewpoint on disabled.
3010,"After a lifetime of discrimination and being called a dirty Jew, I decided not to care anymore. To all the racist pricks out there: Go fuck yourselves!",nothate,hate," Hate slur used, self-referential context does not exempt."
676,It's fun to think of how glum the parasite NATOcrats are feeling right now.,hate,nothate, No protected characteristics or hate slur present.
18377,Immigrants are disgusting is a comment that should not be allowed on any social network,nothate,hate, derogatory sentiment towards immigrants promotes negative stereotypes.
9790,"Instagram have you looking at motherfuckers like ""Who the FUCK does this bitch/nigga think she/he ISSS""??",hate,hate," hate slur used, no exception applies."
10563,Support the law that bans members of certain religious groups from running for office,hate,nothate," No hate slur used, no targeted attacks."
21351,Gypsies like me should be shot? Shut up,nothate,hate, Contains hate slur 'Gypsies' and incites violence.
20343,Young Women_x0018_s Trust is useless and should no longer exist,nothate,hate, Targeting PC 
11536,I honestly couldn't give two fucks about whether this virus originated in china or not. It's here now so we have to deal with it,nothate,nothate, lacks targeted attacks and no slurs used.
9936,"This almost makes it more racist, to lump all of these people who have separate languages and cultures into one group. Just segregate by skin colour and stop overcomplicating",hate,nothate, critiques racial grouping without targeting individuals.
8148,all women are whores? Mate how old are you?,nothate,hate," derogatory term targeting women, generalizes negative stereotype."
9603,"UMMMM.....YÂ¬Â£H! This is FUCKED UP MATE, i should be able to believe wat i want. Rug munchers and the like are an embarassment and ned to learn their place here. Below every other person!",hate,hate, derogatory term aimed at a specific group.
10357,"I trash talk the country I was born in all the time, guys! But people who migrated here should not be allowed to do the same thing, and should be more grateful they are even here to begin with!",hate,nothate, Discriminatory attitude towards migrants; lacks hate slurs.
26046,"Fuck those Cunts. Just don't participate, you don't have to.",nothate,nothate, No protected characteristics or tier attacks present.
8335,fuck my shitty wife,nothate,hate, Targets specific racial/ethnic group as criminals.
10596,We should reject the notion that criminal gangs have any place in society.,nothate,nothate, Does not target protected characteristics or use hate slurs.
19447,Stay away from me; you are gross!,nothate,nothate, No protected characteristics or hate slurs present.
3000,"UMMMM.....Yï¿½ï¿½ï¿½ï¿½H! This is FUCKED UP MATE, i should be able to believe wat i want. they like are an embarassment and ned to learn their place here. Below every other person!",nothate,hate," The statement expresses derogatory views towards a group, indicating they are inferior and should learn their place, which constitutes hate speech."
6726,Homosexuality is unnatural,hate,hate," Negative sentiment against LGBTQ+ community, targets protected characteristic."
125,How can we ensure people with disabilities have access to resources that help them succeed?,nothate,nothate, no attack 
27952,I hate people who hate refugees,nothate,nothate," Criticism of hate, not attacking refugees directly."
103,"It is wrong to say that a person is diseased because of their race. Let us work together to find ways to embrace our individual and collective differences, and strive to create an equitable and just society for all.""",nothate,nothate, promotes inclusivity and condemns harmful stereotypes
7856,"i hate you, you make me very sad with your stupid female remarks!!!",hate,hate," derogatory towards women, reflects gender discrimination."
6061,Yet you WILL still continue to blame the Jews for your shitty uneducated poor lives...,nothate,hate," hate slur used, no exception applies."
16289,Women are just property and should be treated as such.,hate,hate, Hate slur used; dehumanizes women as property.
4125,I wish all immigrants would be shot in the street.,hate,hate, expresses a violent wish against immigrants
12513,"Ugly chinks, as we are usually called, tend to be very smart",nothate,hate," hate slur used, no exception applies."
3364,There's no such thing as transgender- it's a mental disorder,hate,hate," Targets transgender individuals, denies their existence as valid."
11832,I endorse the attacking of retards,hate,hate, derogatory term targeting individuals with disabilities.
27989,I don't get along with any of the tight-laced heterosexual people where I work,nothate,hate, Generalization about ethnic group promotes harmful stereotype.  
17434,Asian people must think we are so ignorant to their culture,nothate,nothate, No direct attack or protected characteristics mentioned.
7013,It is true that some members of ISIS are muslims so those particular muslims are terrorists,nothate,hate," ""Hate slur used: 'terrorists.'"""
2267,All Muslim men are likely to be predators.,hate,hate, Generalization about a group implies negative traits.
2044,"Transgender should be respected and treated as individuals, not objects or property.",nothate,nothate, advocates for respect and dignity of individuals
7507,"if you are a trans, you shouldn't exist, because trans are nothing",hate,hate," Statement undermines transgender identities, promoting harmful stereotypes."
5103,i hate how easily i can go from happy to sad,nothate,nothate, No hate slurs or protected characteristics present.
29189,"All of you, get the fuck out of my town, terrorising scum! Or die!",nothate,nothate, No protected characteristics or hate slurs used.
4888,Don't be silly! Low IQ savages are just that. Bringing them here doesn't magically turn them into intelligent beings.,nothate,hate," ""Hate slur used, derogatory and dehumanizing language."""
2524,Indians are great.... at being beastly!,hate,hate," ""Negative stereotype implies undesirable qualities about Indians."""
6050,the jews shouldnt be destroyed wtf,nothate,nothate, does not contain hate slurs or attacks
4173,Murdering a Muslim like you should be decriminalised.,hate,hate," Promotes violence against Muslims, targeting a protected characteristic."
3006,what a cunt,nothate,nothate, No protected characteristics or hate slurs used.
6655,"telling me """"ReAd tHe ruLEs"""" you're definitely straight aren't you? Otherwise you're OUT weirdo.",hate,hate," Derogatory tone targets non-straight individuals, implies discrimination."
23632,anti-Muslims are trash,nothate,hate," hate slur used, dehumanizes a specific group."
9330,Woman you are too unintelligent I don't know how you were accepted at university,nothate,hate," Targets a woman, implies negative stereotypes about gender."
4671,"People on twitter actually threaten to kill trans women if they find them ""in a bathroom with their daughters."". To my son they say things like ""he wants to be treated like a man? I'll show him what being a man is"". This is a daily stuggle for trans people but to be fair trans people are ugly",hate,hate, Threats and derogatory comments targeting trans individuals.
2772,hey i love it I actually grew up watching Arabic spongebob when I was a kid so i understand the language of the terrorists now haha,hate,hate, hate slur used without exception
8270,"don't get me wrong I don't hate African people, but I definitely don't like them",hate,nothate," Negative sentiment without hate slur, not hate speech."
